[{"id_stacji":"12295","stacja":"Bia\u0142ystok","data_pomiaru":"2023-05-31","godzina_pomiaru":"12","temperatura":"20","predkosc_wiatru":"3","kierunek_wiatru":"260","wilgotnosc_wzgledna":"34.5","suma_opadu":"0","cisnienie":"1020.6"},{"id_stacji":"12600","stacja":"Bielsko Bia\u0142a","data_pomiaru":"2023-05-31","godzina_pomiaru":"12","temperatura":"20.6","predkosc_wiatru":"3","kierunek_wiatru":"360","wilgotnosc_wzgledna":"39.3","suma_opadu":"0","cisnienie":"1021.5"},{"id_stacji":"12235","stacja":"Chojnice","data_pomiaru":"2023-05-31","godzina_pomiaru":"12","temperatura":"22.2","predkosc_wiatru":"3","kierunek_wiatru":"280","wilgotnosc_wzgledna":"29.4","suma_opadu":"0","cisnienie":"1021.8"},{"id_stacji":"12550","stacja":"Cz\u0119stochowa","data_pomiaru":"2023-05-31","godzina_pomiaru":"12","temperatura":"21.3","predkosc_wiatru":"2","kierunek_wiatru":"360","wilgotnosc_wzgledna":"32.4","suma_opadu":"0","cisnienie":"1022.1"},{"id_stacji":"12160","stacja":"Elbl\u0105g","data_pomiaru":"2023-05-31","godzina_pomiaru":"12","temperatura":"20.1","predkosc_wiatru":"5","kierunek_wiatru":"240","wilgotnosc_wzgledna":"39.4","suma_opadu":"0.1","cisnienie":"1021.1"},{"id_stacji":"12155","stacja":"Gda\u0144sk","data_pomiaru":"2023-05-31","godzina_pomiaru":"12","temperatura":"23.6","predkosc_wiatru":"2","kierunek_wiatru":"300","wilgotnosc_wzgledna":"32.3","suma_opadu":"0","cisnienie":"1020.8"},{"id_stacji":"12300","stacja":"Gorz\u00f3w","data_pomiaru":"2023-05-31","godzina_pomiaru":"12","temperatura":"22.7","predkosc_wiatru":"2","kierunek_wiatru":"360","wilgotnosc_wzgledna":"28.3","suma_opadu":"0","cisnienie":"1023.2"},{"id_stacji":"12135","stacja":"Hel","data_pomiaru":"2023-05-31","godzina_pomiaru":"12","temperatura":"21.4","predkosc_wiatru":"3","kierunek_wiatru":"270","wilgotnosc_wzgledna":"46.3","suma_opadu":"0","cisnienie":"1020.9"},{"id_stacji":"12500","stacja":"Jelenia G\u00f3ra","data_pomiaru":"2023-05-31","godzina_pomiaru":"12","temperatura":"21.8","predkosc_wiatru":"3","kierunek_wiatru":"360","wilgotnosc_wzgledna":"36.4","suma_opadu":"0","cisnienie":"1022.4"},{"id_stacji":"12435","stacja":"Kalisz","data_pomiaru":"2023-05-31","godzina_pomiaru":"12","temperatura":"21.7","predkosc_wiatru":"2","kierunek_wiatru":"320","wilgotnosc_wzgledna":"35.4","suma_opadu":"0","cisnienie":"1022.6"},{"id_stacji":"12650","stacja":"Kasprowy Wierch","data_pomiaru":"2023-05-31","godzina_pomiaru":"12","temperatura":"8.2","predkosc_wiatru":"3","kierunek_wiatru":"20","wilgotnosc_wzgledna":"59.7","suma_opadu":"11.8","cisnienie":null},{"id_stacji":"12560","stacja":"Katowice","data_pomiaru":"2023-05-31","godzina_pomiaru":"12","temperatura":"21.3","predkosc_wiatru":"2","kierunek_wiatru":"90","wilgotnosc_wzgledna":"37.3","suma_opadu":"0","cisnienie":"1021.6"},{"id_stacji":"12185","stacja":"K\u0119trzyn","data_pomiaru":"2023-05-31","godzina_pomiaru":"12","temperatura":"21.1","predkosc_wiatru":"5","kierunek_wiatru":"280","wilgotnosc_wzgledna":"37.3","suma_opadu":"0","cisnienie":"1020.8"},{"id_stacji":"12570","stacja":"Kielce","data_pomiaru":"2023-05-31","godzina_pomiaru":"12","temperatura":"21.1","predkosc_wiatru":"1","kierunek_wiatru":"30","wilgotnosc_wzgledna":"36.3","suma_opadu":"0","cisnienie":"1021.6"},{"id_stacji":"12520","stacja":"K\u0142odzko","data_pomiaru":"2023-05-31","godzina_pomiaru":"12","temperatura":"20.3","predkosc_wiatru":"3","kierunek_wiatru":"60","wilgotnosc_wzgledna":"34.3","suma_opadu":"0","cisnienie":"1022.5"},{"id_stacji":"12345","stacja":"Ko\u0142o","data_pomiaru":"2023-05-31","godzina_pomiaru":"12","temperatura":"21","predkosc_wiatru":"2","kierunek_wiatru":"330","wilgotnosc_wzgledna":"24.5","suma_opadu":"0","cisnienie":"1023"},{"id_stacji":"12100","stacja":"Ko\u0142obrzeg","data_pomiaru":"2023-05-31","godzina_pomiaru":"12","temperatura":"17.1","predkosc_wiatru":"5","kierunek_wiatru":"280","wilgotnosc_wzgledna":"55.3","suma_opadu":"0","cisnienie":"1022.9"},{"id_stacji":"12105","stacja":"Koszalin","data_pomiaru":"2023-05-31","godzina_pomiaru":"12","temperatura":"21.1","predkosc_wiatru":"4","kierunek_wiatru":"290","wilgotnosc_wzgledna":"36.3","suma_opadu":"0","cisnienie":"1022.6"},{"id_stacji":"12488","stacja":"Kozienice","data_pomiaru":"2023-05-31","godzina_pomiaru":"12","temperatura":"21.4","predkosc_wiatru":"3","kierunek_wiatru":"290","wilgotnosc_wzgledna":"32.5","suma_opadu":"0","cisnienie":"1021.7"},{"id_stacji":"12566","stacja":"Krak\u00f3w","data_pomiaru":"2023-05-31","godzina_pomiaru":"12","temperatura":"21.4","predkosc_wiatru":"2","kierunek_wiatru":"20","wilgotnosc_wzgledna":"34.3","suma_opadu":"0","cisnienie":"1021.8"},{"id_stacji":"12670","stacja":"Krosno","data_pomiaru":"2023-05-31","godzina_pomiaru":"12","temperatura":"20.4","predkosc_wiatru":"3","kierunek_wiatru":"330","wilgotnosc_wzgledna":"41.2","suma_opadu":"0","cisnienie":"1020.8"},{"id_stacji":"12415","stacja":"Legnica","data_pomiaru":"2023-05-31","godzina_pomiaru":"12","temperatura":"22.1","predkosc_wiatru":"2","kierunek_wiatru":"170","wilgotnosc_wzgledna":"38.3","suma_opadu":"0","cisnienie":"1022.8"},{"id_stacji":"12690","stacja":"Lesko","data_pomiaru":"2023-05-31","godzina_pomiaru":"12","temperatura":"20.5","predkosc_wiatru":"3","kierunek_wiatru":"330","wilgotnosc_wzgledna":"37.4","suma_opadu":"0","cisnienie":"1020.3"},{"id_stacji":"12418","stacja":"Leszno","data_pomiaru":"2023-05-31","godzina_pomiaru":"12","temperatura":"22.7","predkosc_wiatru":"2","kierunek_wiatru":"290","wilgotnosc_wzgledna":"29.3","suma_opadu":"0","cisnienie":"1022.9"},{"id_stacji":"12125","stacja":"L\u0119bork","data_pomiaru":"2023-05-31","godzina_pomiaru":"12","temperatura":"22.2","predkosc_wiatru":"6","kierunek_wiatru":"260","wilgotnosc_wzgledna":"29.4","suma_opadu":"0","cisnienie":"1021.2"},{"id_stacji":"12495","stacja":"Lublin","data_pomiaru":"2023-05-31","godzina_pomiaru":"12","temperatura":"20","predkosc_wiatru":"3","kierunek_wiatru":"330","wilgotnosc_wzgledna":"43.4","suma_opadu":"0","cisnienie":"1021.8"},{"id_stacji":"12120","stacja":"\u0141eba","data_pomiaru":"2023-05-31","godzina_pomiaru":"12","temperatura":"19.9","predkosc_wiatru":"11","kierunek_wiatru":"260","wilgotnosc_wzgledna":"38.3","suma_opadu":"0","cisnienie":"1021.3"},{"id_stacji":"12465","stacja":"\u0141\u00f3d\u017a","data_pomiaru":"2023-05-31","godzina_pomiaru":"12","temperatura":"21.2","predkosc_wiatru":"3","kierunek_wiatru":"99","wilgotnosc_wzgledna":"21.5","suma_opadu":"0","cisnienie":"1022.6"},{"id_stacji":"12280","stacja":"Miko\u0142ajki","data_pomiaru":"2023-05-31","godzina_pomiaru":"12","temperatura":"20.7","predkosc_wiatru":"3","kierunek_wiatru":"280","wilgotnosc_wzgledna":"33.5","suma_opadu":"0","cisnienie":"1021"},{"id_stacji":"12270","stacja":"M\u0142awa","data_pomiaru":"2023-05-31","godzina_pomiaru":"12","temperatura":"20.6","predkosc_wiatru":"2","kierunek_wiatru":"280","wilgotnosc_wzgledna":"21.5","suma_opadu":"0","cisnienie":"1022"},{"id_stacji":"12660","stacja":"Nowy S\u0105cz","data_pomiaru":"2023-05-31","godzina_pomiaru":"12","temperatura":"21","predkosc_wiatru":"2","kierunek_wiatru":"270","wilgotnosc_wzgledna":"39.4","suma_opadu":"0","cisnienie":"1021.2"},{"id_stacji":"12272","stacja":"Olsztyn","data_pomiaru":"2023-05-31","godzina_pomiaru":"12","temperatura":"21.4","predkosc_wiatru":"4","kierunek_wiatru":"310","wilgotnosc_wzgledna":"33.4","suma_opadu":"0","cisnienie":"1021.4"},{"id_stacji":"12530","stacja":"Opole","data_pomiaru":"2023-05-31","godzina_pomiaru":"12","temperatura":"23.3","predkosc_wiatru":"2","kierunek_wiatru":"330","wilgotnosc_wzgledna":"28.4","suma_opadu":"0","cisnienie":"1022.2"},{"id_stacji":"12285","stacja":"Ostro\u0142\u0119ka","data_pomiaru":"2023-05-31","godzina_pomiaru":"12","temperatura":"21.5","predkosc_wiatru":"2","kierunek_wiatru":"99","wilgotnosc_wzgledna":"20.6","suma_opadu":"0","cisnienie":"1021.4"},{"id_stacji":"12230","stacja":"Pi\u0142a","data_pomiaru":"2023-05-31","godzina_pomiaru":"12","temperatura":"22.1","predkosc_wiatru":"3","kierunek_wiatru":"330","wilgotnosc_wzgledna":"12.7","suma_opadu":"0","cisnienie":"1022.8"},{"id_stacji":"12001","stacja":"Platforma","data_pomiaru":"2023-05-31","godzina_pomiaru":"11","temperatura":"12.9","predkosc_wiatru":"15","kierunek_wiatru":"240","wilgotnosc_wzgledna":"79.6","suma_opadu":"0","cisnienie":"1019.6"},{"id_stacji":"12360","stacja":"P\u0142ock","data_pomiaru":"2023-05-31","godzina_pomiaru":"12","temperatura":"19.9","predkosc_wiatru":"2","kierunek_wiatru":"340","wilgotnosc_wzgledna":"28.4","suma_opadu":"0","cisnienie":"1022.6"},{"id_stacji":"12330","stacja":"Pozna\u0144","data_pomiaru":"2023-05-31","godzina_pomiaru":"12","temperatura":"22.2","predkosc_wiatru":"3","kierunek_wiatru":"10","wilgotnosc_wzgledna":"26.4","suma_opadu":"0","cisnienie":"1023.1"},{"id_stacji":"12695","stacja":"Przemy\u015bl","data_pomiaru":"2023-05-31","godzina_pomiaru":"12","temperatura":"21.5","predkosc_wiatru":"3","kierunek_wiatru":"99","wilgotnosc_wzgledna":"35.8","suma_opadu":"0","cisnienie":"1020.9"},{"id_stacji":"12540","stacja":"Racib\u00f3rz","data_pomiaru":"2023-05-31","godzina_pomiaru":"12","temperatura":"21.6","predkosc_wiatru":"3","kierunek_wiatru":"320","wilgotnosc_wzgledna":"36.4","suma_opadu":"0","cisnienie":"1021.8"},{"id_stacji":"12210","stacja":"Resko","data_pomiaru":"2023-05-31","godzina_pomiaru":"12","temperatura":"22.2","predkosc_wiatru":"4","kierunek_wiatru":"230","wilgotnosc_wzgledna":"28.4","suma_opadu":"0.01","cisnienie":"1022.9"},{"id_stacji":"12580","stacja":"Rzesz\u00f3w","data_pomiaru":"2023-05-31","godzina_pomiaru":"12","temperatura":"21.8","predkosc_wiatru":"2","kierunek_wiatru":"50","wilgotnosc_wzgledna":"36.4","suma_opadu":"0","cisnienie":"1021"},{"id_stacji":"12585","stacja":"Sandomierz","data_pomiaru":"2023-05-31","godzina_pomiaru":"12","temperatura":"20.3","predkosc_wiatru":"3","kierunek_wiatru":"280","wilgotnosc_wzgledna":"39.2","suma_opadu":"0","cisnienie":"1021.8"},{"id_stacji":"12385","stacja":"Siedlce","data_pomiaru":"2023-05-31","godzina_pomiaru":"12","temperatura":"19.8","predkosc_wiatru":"3","kierunek_wiatru":"310","wilgotnosc_wzgledna":"27.4","suma_opadu":"0","cisnienie":"1021.7"},{"id_stacji":"12310","stacja":"S\u0142ubice","data_pomiaru":"2023-05-31","godzina_pomiaru":"12","temperatura":"22.2","predkosc_wiatru":"3","kierunek_wiatru":"350","wilgotnosc_wzgledna":"32.5","suma_opadu":"0","cisnienie":"1023.5"},{"id_stacji":"12469","stacja":"Sulej\u00f3w","data_pomiaru":"2023-05-31","godzina_pomiaru":"12","temperatura":"20.6","predkosc_wiatru":"3","kierunek_wiatru":"360","wilgotnosc_wzgledna":"29.4","suma_opadu":"0","cisnienie":"1022.4"},{"id_stacji":"12195","stacja":"Suwa\u0142ki","data_pomiaru":"2023-05-31","godzina_pomiaru":"12","temperatura":"19.5","predkosc_wiatru":"4","kierunek_wiatru":"270","wilgotnosc_wzgledna":"24.4","suma_opadu":"0","cisnienie":"1020.3"},{"id_stacji":"12205","stacja":"Szczecin","data_pomiaru":"2023-05-31","godzina_pomiaru":"12","temperatura":"21.1","predkosc_wiatru":"3","kierunek_wiatru":"240","wilgotnosc_wzgledna":"22.4","suma_opadu":"0","cisnienie":"1023.5"},{"id_stacji":"12215","stacja":"Szczecinek","data_pomiaru":"2023-05-31","godzina_pomiaru":"12","temperatura":null,"predkosc_wiatru":"3","kierunek_wiatru":"99","wilgotnosc_wzgledna":null,"suma_opadu":"0","cisnienie":"1028.4"},{"id_stacji":"12510","stacja":"\u015anie\u017cka","data_pomiaru":"2023-05-31","godzina_pomiaru":"12","temperatura":"8.7","predkosc_wiatru":"5","kierunek_wiatru":"350","wilgotnosc_wzgledna":"58.5","suma_opadu":"0","cisnienie":null},{"id_stacji":"12200","stacja":"\u015awinouj\u015bcie","data_pomiaru":"2023-05-31","godzina_pomiaru":"12","temperatura":"22.8","predkosc_wiatru":"3","kierunek_wiatru":"270","wilgotnosc_wzgledna":"28.3","suma_opadu":"0","cisnienie":"1023"},{"id_stacji":"12575","stacja":"Tarn\u00f3w","data_pomiaru":"2023-05-31","godzina_pomiaru":"12","temperatura":"22.4","predkosc_wiatru":"2","kierunek_wiatru":"20","wilgotnosc_wzgledna":"34.4","suma_opadu":"0","cisnienie":"1021.5"},{"id_stacji":"12399","stacja":"Terespol","data_pomiaru":"2023-05-31","godzina_pomiaru":"12","temperatura":"20.5","predkosc_wiatru":"3","kierunek_wiatru":"310","wilgotnosc_wzgledna":"42.4","suma_opadu":"0","cisnienie":"1020.9"},{"id_stacji":"12250","stacja":"Toru\u0144","data_pomiaru":"2023-05-31","godzina_pomiaru":"12","temperatura":"22.1","predkosc_wiatru":"2","kierunek_wiatru":"70","wilgotnosc_wzgledna":"26.4","suma_opadu":"0","cisnienie":"1022.5"},{"id_stacji":"12115","stacja":"Ustka","data_pomiaru":"2023-05-31","godzina_pomiaru":"12","temperatura":"18.3","predkosc_wiatru":"7","kierunek_wiatru":"270","wilgotnosc_wzgledna":"39.6","suma_opadu":"0","cisnienie":"1022"},{"id_stacji":"12375","stacja":"Warszawa","data_pomiaru":"2023-05-31","godzina_pomiaru":"12","temperatura":"21.1","predkosc_wiatru":"3","kierunek_wiatru":"290","wilgotnosc_wzgledna":"24.5","suma_opadu":"0","cisnienie":"1022.3"},{"id_stacji":"12455","stacja":"Wielu\u0144","data_pomiaru":"2023-05-31","godzina_pomiaru":"12","temperatura":"21.6","predkosc_wiatru":"2","kierunek_wiatru":"320","wilgotnosc_wzgledna":"30.3","suma_opadu":"0","cisnienie":"1022.4"},{"id_stacji":"12497","stacja":"W\u0142odawa","data_pomiaru":"2023-05-31","godzina_pomiaru":"12","temperatura":"20.8","predkosc_wiatru":"3","kierunek_wiatru":"310","wilgotnosc_wzgledna":"37.5","suma_opadu":"0","cisnienie":"1021.3"},{"id_stacji":"12424","stacja":"Wroc\u0142aw","data_pomiaru":"2023-05-31","godzina_pomiaru":"12","temperatura":"22.9","predkosc_wiatru":"4","kierunek_wiatru":"70","wilgotnosc_wzgledna":"33.3","suma_opadu":"0","cisnienie":"1022.6"},{"id_stacji":"12625","stacja":"Zakopane","data_pomiaru":"2023-05-31","godzina_pomiaru":"12","temperatura":"17.8","predkosc_wiatru":"2","kierunek_wiatru":"10","wilgotnosc_wzgledna":"38.3","suma_opadu":"4.9","cisnienie":null},{"id_stacji":"12595","stacja":"Zamo\u015b\u0107","data_pomiaru":"2023-05-31","godzina_pomiaru":"12","temperatura":"19.8","predkosc_wiatru":"4","kierunek_wiatru":"340","wilgotnosc_wzgledna":"37.5","suma_opadu":"0","cisnienie":"1021.5"},{"id_stacji":"12400","stacja":"Zielona G\u00f3ra","data_pomiaru":"2023-05-31","godzina_pomiaru":"12","temperatura":"22.8","predkosc_wiatru":"2","kierunek_wiatru":"10","wilgotnosc_wzgledna":"30.4","suma_opadu":"0","cisnienie":"1022.7"}]